{"cameraMode":{"drawMode":0,"name":"Shaded","section":"Shading Mode"},"sceneLighting":false,"audioPlay":false,"sceneViewState":{"showFog":true,"showMaterialUpdate":false,"showSkybox":true,"showFlares":true,"showImageEffects":true,"showParticleSystems":true},"in2DMode":false,"pivot":{"x":-72.13700103759766,"y":2.5,"z":-23.600000381469728},"rotation":{"x":-0.061749253422021869,"y":-0.9304381012916565,"z":0.3102966845035553,"w":-0.18490032851696015},"size":14.791157722473145,"orthographic":true}