{"cameraMode":{"drawMode":0,"name":"Shaded","section":"Shading Mode"},"sceneLighting":true,"audioPlay":false,"sceneViewState":{"showFog":true,"showMaterialUpdate":false,"showSkybox":true,"showFlares":true,"showImageEffects":true,"showParticleSystems":true},"in2DMode":false,"pivot":{"x":-51.40999984741211,"y":5.399999618530273,"z":-1.6700000762939454},"rotation":{"x":-0.0063962992280721668,"y":0.9065052270889282,"z":-0.4219169318675995,"w":-0.01391142513602972},"size":24.11069107055664,"orthographic":true}