{"cameraMode":{"drawMode":0,"name":"Shaded","section":"Shading Mode"},"sceneLighting":false,"audioPlay":false,"sceneViewState":{"showFog":false,"showMaterialUpdate":false,"showSkybox":false,"showFlares":false,"showImageEffects":false,"showParticleSystems":false},"in2DMode":false,"pivot":{"x":-1.9744125604629517,"y":1.569201946258545,"z":0.6711941957473755},"rotation":{"x":-0.0023655565455555917,"y":-0.9947640895843506,"z":-0.02356651797890663,"w":0.09941597282886505},"size":3.3312437534332277,"orthographic":false}