{"cameraMode":{"drawMode":0,"name":"Shaded","section":"Shading Mode"},"sceneLighting":false,"audioPlay":false,"sceneViewState":{"showFog":true,"showMaterialUpdate":false,"showSkybox":true,"showFlares":true,"showImageEffects":true,"showParticleSystems":true},"in2DMode":false,"pivot":{"x":-5.590000152587891,"y":2.8499999046325685,"z":2.7300000190734865},"rotation":{"x":-0.05278150737285614,"y":-0.830224871635437,"z":0.5491786003112793,"w":-0.0796474739909172},"size":11.803855895996094,"orthographic":true}