{"cameraMode":{"drawMode":0,"name":"Shaded","section":"Shading Mode"},"sceneLighting":true,"audioPlay":false,"sceneViewState":{"showFog":true,"showMaterialUpdate":false,"showSkybox":true,"showFlares":true,"showImageEffects":true,"showParticleSystems":true},"in2DMode":false,"pivot":{"x":395.40545654296877,"y":38.83842086791992,"z":10.759324073791504},"rotation":{"x":-0.15749968588352204,"y":-0.0825890377163887,"z":0.013158712536096573,"w":-0.9839714765548706},"size":468.0948181152344,"orthographic":true}