{"cameraMode":{"drawMode":0,"name":"Shaded","section":"Shading Mode"},"sceneLighting":false,"audioPlay":false,"sceneViewState":{"showFog":true,"showMaterialUpdate":false,"showSkybox":true,"showFlares":true,"showImageEffects":true,"showParticleSystems":true},"in2DMode":false,"pivot":{"x":-86.0199966430664,"y":1.6299999952316285,"z":75.58999633789063},"rotation":{"x":0.10602445900440216,"y":0.8814147710800171,"z":-0.39488303661346438,"w":0.23650416731834413},"size":2.857883930206299,"orthographic":true}